bid_id,original_stage,corrected_result,major_category,subcategory,description,product_codes,attachment_names,original_url
38017,before_details,no_civil_service_evidence,INFORMATION TECHNOLOGY (IT),PERSONNEL SERVICE - TECHNOLOGY,"General RFP 3850: to enhance the existing vendor pool to be used in the Managed Service Provider process for the acquisition of Information Systems Consulting Services for the State of Mississippi. Proposals accepted until September 30, 2026.",91871,General RFP No. 3850 URL,https://www.ms.gov/dfa/contract_bid_search/Bid/Details/38017
40954,before_details,no_civil_service_evidence,INFORMATION TECHNOLOGY (IT),EQUIPMENT - TECHNOLOGY,"General RFP 4599: Beginning Tuesday, March 25, 2025, RFP No. 4599 is being amended to add a Security Cameras and Access Control systems category. Please see Amendment 2 Security Cameras and Access Control Systems on the ITS website for information on",65596,RFP No. 4599 URL,https://www.ms.gov/dfa/contract_bid_search/Bid/Details/40954
46254,after_details,no_civil_service_evidence,PERSONNEL SERVICES NON-IT,PERSONNEL SERVICE - NON-TECHNOLOGY,Housekeeping Services for the Oxford Nursing Home,96138,RFP Housekeeping Services,https://www.ms.gov/dfa/contract_bid_search/Bid/Details/46254
46305,before_details,no_civil_service_evidence,INFORMATION TECHNOLOGY (IT),EQUIPMENT - TECHNOLOGY,"RFP 3849: to enhance the vendor pool to be used in the General RFP process for the acquisition of Computer Hardware/Software and Telephone Equipment, Services, and Maintenance for the State of Mississippi.",20400,RFP No. 3849 URL,https://www.ms.gov/dfa/contract_bid_search/Bid/Details/46305
46355,after_details,no_civil_service_evidence,CONSTRUCTION,CONSTRUCTION - SERVICES,"Bureau of Building GS# 507-062 New Nursing Home - Rankin Mississippi Veterans Affairs Pearl, Mississippi",90922,Prequl Ad,https://www.ms.gov/dfa/contract_bid_search/Bid/Details/46355
46366,after_details,no_civil_service_evidence,PERSONNEL SERVICES NON-IT,PERSONNEL SERVICE - NON-TECHNOLOGY,Non-Emergency Medical Transportation Services for Collins Nursing Home,96182,RFP Non-Emergency Medical Transportation,https://www.ms.gov/dfa/contract_bid_search/Bid/Details/46366
46391,before_details,no_civil_service_evidence,COMMODITIES,PERSONNEL SERVICE - NON-TECHNOLOGY,Invitation for Bids to for live spat on cultch deployment.,04075,Advertisement - FY26 Spat IFB; Spat-on-Cultch RFP - final,https://www.ms.gov/dfa/contract_bid_search/Bid/Details/46391
46392,before_details,no_civil_service_evidence,COMMODITIES,EQUIPMENT - NON-TECHNOLOGY,Notice of Intent 1. A description of the commodity that UMMC is seeking to procure. The Noraxon portable movement analysis equipment is an all-in-one portable biomechanics lab-in-a-box which is built on a modular platform. It offers the flexibility to s,46500,Newspaper Ad; Notice of Intent,https://www.ms.gov/dfa/contract_bid_search/Bid/Details/46392
46394,after_details,no_civil_service_evidence,PERSONNEL SERVICES NON-IT,PERSONNEL SERVICE - NON-TECHNOLOGY,RFX Invitation for Bids Modular Classroom Removal Services,96257,IFB Document,https://www.ms.gov/dfa/contract_bid_search/Bid/Details/46394
46399,after_details,no_civil_service_evidence,PERSONNEL SERVICES NON-IT,PERSONNEL SERVICE - NON-TECHNOLOGY,"MASTER ELECTRICIAN SERVICES WITH ONGOING ELECTRICAL DISTRIBUTION EQUIPMENT MAINTENANCE, MOTOR WIRING, REPAIRING ELECTRICAL PORTIONS OF FIRE ALARMS, HVAC UNITS, PHONE SYSTEMS, COMMERCIAL LAUNDRY UNITS, SEWAGE TREATMENT EQUIPMENT, COMMERICAL REFRIGERATION E",93652,IFB 3160008229 for Publication,https://www.ms.gov/dfa/contract_bid_search/Bid/Details/46399
46402,after_details,no_civil_service_evidence,PERSONNEL SERVICES NON-IT,PERSONNEL SERVICE - NON-TECHNOLOGY,Waste Collection Services,92645,Bid Form; Bid Specifications,https://www.ms.gov/dfa/contract_bid_search/Bid/Details/46402
46407,after_details,retained,CONSTRUCTION,CONSTRUCTION - SERVICES,"Plans are underway for the construction of the new Margaret Ann Crigler Park in Jackson, Mississippi. The new park will be located on a site bounded by Yazoo Street to the south, State Street to the west, Mississippi Street to the north, and North Street",57863,Advertisement for Bid,https://www.ms.gov/dfa/contract_bid_search/Bid/Details/46407
46409,before_details,noncompetitive_notification,INFORMATION TECHNOLOGY (IT),SOLE SOURCE NOTICES,"Duke TAMS is a software product that uses proprietary algorithms developed specifically for higher education that matches the instructor with courses based on what instructors have taught in the past, their area of expertise, teaching preferences, and ava",46500,Newspaper Advertisement; Notice of Intent - PDF; Notice of Intent - Word; Vendor Sole Source Letter,https://www.ms.gov/dfa/contract_bid_search/Bid/Details/46409
46420,before_details,no_civil_service_evidence,COMMODITIES,EQUIPMENT - NON-TECHNOLOGY,"Notice of Intent 1. A description of the commodity that UMMC is seeking to procure. The Bertec FIT5 is a research-grade, split-belt instrumented treadmill that incorporates independent six-component force measurement under each belt. Each belt independen",46500,Newspaper Ad; Notice of Intent,https://www.ms.gov/dfa/contract_bid_search/Bid/Details/46420
46423,after_details,no_civil_service_evidence,CONSTRUCTION,EQUIPMENT - NON-TECHNOLOGY,Bid for HVAC Rooftop unit replacement for Whitfield Hall,03110,Advertisement; Scope of work,https://www.ms.gov/dfa/contract_bid_search/Bid/Details/46423
46425,before_details,noncompetitive_notification,COMMODITIES,SOLE SOURCE NOTICES,Sole source notice for TCS SP8 FALCON Upgrade,49057,Sole Source 493 - Notice of SS Purchase,https://www.ms.gov/dfa/contract_bid_search/Bid/Details/46425
46426,before_details,noncompetitive_notification,COMMODITIES,SOLE SOURCE NOTICES,Sole source purchase for RMA OreXpress Upgrade to RS-3500 spectroradiometer.,49055,SS 494 - Notice of SS Purchase,https://www.ms.gov/dfa/contract_bid_search/Bid/Details/46426
46428,before_details,noncompetitive_notification,INFORMATION TECHNOLOGY (IT),SOLE SOURCE NOTICES,"All construction projects, key assignments, work order assignments, as well as all pertinent data such as asset assignment, location, dates, time, etc. are tracked in this system. This software allows UMMC the capacity to manage the work order request pro",46500,Newspaper Advertisement; Notice of Intent - PDF; Notice of Intent - Word; Vendor Sole Source Letter,https://www.ms.gov/dfa/contract_bid_search/Bid/Details/46428
46443,after_details,no_civil_service_evidence,PERSONNEL SERVICES NON-IT,PERSONNEL SERVICE - NON-TECHNOLOGY,Ellisville State School at South Mississippi Regional Center (hereinafter Agency) has issued this Invitation for Bid for the purpose of receiving sealed bids from qualified vendors to provide Psychiatry Services to the Persons-served of the Agency.,94876,IFB Psychiatry Services-SMRC,https://www.ms.gov/dfa/contract_bid_search/Bid/Details/46443
46454,before_details,no_civil_service_evidence,COMMODITIES,SUPPLIES - NON-TECHNOLOGY,"Bid Soliciation for the purchasing of Ms Highway Patrol Men and Women Long and Short Sleeve Shirts, Men and Women trousers.",20070,Invitation for Bid Capitol Police Uniforms 3160008204,https://www.ms.gov/dfa/contract_bid_search/Bid/Details/46454
46458,after_details,no_civil_service_evidence,PERSONNEL SERVICES NON-IT,,"RFA- CCBHC & 988 Systems & Performance Strategist for Department of Mental Health To be considered for this opening, please submit your resume.",94807,CCBHC/988 Systems and Performance Strategist; CCBHC/988 Systems and Performance Strategist Job Description; RFx Form,https://www.ms.gov/dfa/contract_bid_search/Bid/Details/46458
46460,after_details,retained,CONSTRUCTION,CONSTRUCTION - SERVICES,"Sealed bids will be received by the Board of Supervisors of Kemper County Mississippi at the Kemper County Courthouse located at 280 Veterans Street in DeKalb, Mississippi, until 10:00 a.m. on the 30th day of September 2026 and shortly thereafter publicly",91366,SAP-35(77) Old Jackson Road - Legal Advertisement.pdf,https://www.ms.gov/dfa/contract_bid_search/Bid/Details/46460
46464,after_details,no_civil_service_evidence,PERSONNEL SERVICES NON-IT,PERSONNEL SERVICE - NON-TECHNOLOGY,"The Mississippi Forensic Laboratory (MSFL) is seeking to procure professional Forensics Service in managing and delivering forensics, biometrics, identity intelligence services.",96140,27-03-88400-043 SNA unexecuted contract; Signed SSD form; Sole Source 3150006970 SNA Professional Forensics Lab Staffing a,https://www.ms.gov/dfa/contract_bid_search/Bid/Details/46464
46467,after_details,no_civil_service_evidence,CONSTRUCTION,CONSTRUCTION - SERVICES,"IFB Solicitation for bids from qualified organizations, companies, or individuals licensed in the State of Mississippi to assist MDEQ, on an as needed basis, with professional emergency response and cleanup activities for all types of environmental hazard",91200,RFx3160007908 MDEQ-IFB09112026,https://www.ms.gov/dfa/contract_bid_search/Bid/Details/46467
46468,after_details,no_civil_service_evidence,PERSONNEL SERVICES NON-IT,PERSONNEL SERVICE - NON-TECHNOLOGY,This is the planting of trees in Urban areas of 6 MS Coastal counties and 17 Municipalities. This is performed under the RESTORE grant.,94700,Tree Plant-RESTORE-Bid Packet,https://www.ms.gov/dfa/contract_bid_search/Bid/Details/46468
46470,retained,retained,CONSTRUCTION,CONSTRUCTION - SERVICES,"Sealed bids for KEESLER BRIDGE REPAIR will be received by the City of Greenwood in the Office of the Mayor in Greenwood, MS (P. O. Box 907, Greenwood, MS 38935) until, September 29, 2026, at 10:00 AM, and then at said office publicly opened and read aloud",91366,ADVERTISEMENT FOR BIDS.pdf,https://www.ms.gov/dfa/contract_bid_search/Bid/Details/46470
46472,after_details,no_civil_service_evidence,CONSTRUCTION,EQUIPMENT - NON-TECHNOLOGY,"Sealed or electronic bids for the construction of Tupelo Water & Light CSA Renovations will be received by the City of Tupelo, Mississippi at City Hall, 71 East Troy St., 1st Floor Purchasing Office, Attn: Cade Armstrong, until 2:00 p.m.on September 29, 2",91065,Legal Ad 2026-036WL.pdf,https://www.ms.gov/dfa/contract_bid_search/Bid/Details/46472
46473,after_details,no_civil_service_evidence,PERSONNEL SERVICES NON-IT,PERSONNEL SERVICE - NON-TECHNOLOGY,Request for Applications for one GBNERR Outreach Specialist contract worker.,96269,Advertisement for GBNERR Outreach Specialist_FINAL; RFA- GBNERR Outreach Specialist_FINAL; StateContractor-Application-Rev-032323,https://www.ms.gov/dfa/contract_bid_search/Bid/Details/46473
46474,before_details,no_civil_service_evidence,INFORMATION TECHNOLOGY (IT),SUPPLIES - TECHNOLOGY,"NOTICE TO BIDDERS Sealed bids will be received in the Office of the Director of Procurement Services, The University of Southern Mississippi, 118 College Drive #5003, Bond Hall, Room 214, Hattiesburg, Mississippi, until Wednesday, October 7, 2026, 2",20655,Appendix A - EPAS Requirements FINAL; RFP 27-13 Educator Preparation and Accreditation Solution; USM RFP 27-13 Legal Ad,https://www.ms.gov/dfa/contract_bid_search/Bid/Details/46474
46475,before_details,no_civil_service_evidence,INFORMATION TECHNOLOGY (IT),PERSONNEL SERVICE - TECHNOLOGY,"NOTICE TO BIDDERS Sealed bids will be received in the Office of the Director of Procurement Services, The University of Southern Mississippi, 118 College Drive #5003, Bond Hall, Room 214, Hattiesburg, Mississippi, until Wednesday, October 7, 2026, 2",92007,Cisco Smartnet Appendix A FINAL; RFP 27-14 Cisco Smartnet Maintenance; USM BID 27-14 Legal Ad,https://www.ms.gov/dfa/contract_bid_search/Bid/Details/46475
46476,after_details,retained,CONSTRUCTION,HIGHWAY CONSTRUCTION,"Separate sealed Bids will be received by the Attala County Board of Supervisors, for County - Wide Road Paving Project, Project No. 77-26, Attala County, Mississippi, until 9:00 A.M., Local Time, on September 28, 2026, at Attala County Chancery Buildin",74505,05- Advertisement.pdf,https://www.ms.gov/dfa/contract_bid_search/Bid/Details/46476
46477,retained,retained,CONSTRUCTION,CONSTRUCTION - SERVICES,"Sealed bids for the Construction of the Proposed Water Well #11, including the construction of a new 350-gallon-per-minute water well and closure of existing Water Well Number 2, will be received by the Hilldale Water District, hereinafter called the Ow",96296,00 11 17 - Advertisement for Bidsrev.pdf,https://www.ms.gov/dfa/contract_bid_search/Bid/Details/46477
46478,before_details,no_civil_service_evidence,COMMODITIES,EQUIPMENT - TECHNOLOGY,SOLE SOURCE REQUEST TO PURCHASE Gen II Capacitively Coupled Anode Large Area Picosecond Photo Detector,49043,Notice,https://www.ms.gov/dfa/contract_bid_search/Bid/Details/46478
46479,before_details,no_civil_service_evidence,COMMODITIES,EQUIPMENT - TECHNOLOGY,SOLE SOURCE REQUEST TO PURCHASE Rtec Instruments,49043,Notice,https://www.ms.gov/dfa/contract_bid_search/Bid/Details/46479
46480,retained,retained,CONSTRUCTION,CONSTRUCTION - SERVICES,"Sealed or electronic bids for the construction of CHICKASAW HERITAGE CENTER NATCHEZ TRACE INTERSECTION will be received by the City of Tupelo, Mississippi at City Hall, 71 East Troy St., 1st Floor Purchasing Office, Attn: Kim Hanna, until 10:00 a.m., on S",91327,Legal Ad 2026-039PW.pdf; Legal_Ad_2026-039PW2; Legal_Ad_2026-039PW3; Legal_Ad_2026-039PW4 (1),https://www.ms.gov/dfa/contract_bid_search/Bid/Details/46480
46487,after_details,no_civil_service_evidence,PERSONNEL SERVICES NON-IT,PERSONNEL SERVICE - NON-TECHNOLOGY,"Pre-Bid Conference: Date &Time: 9/30/2026 3:00 PM Description: A pre-proposal meeting will be held at 330 Benachi Avenue Biloxi, MS 39530 on Thursday, September 17, 2026, at 10:00 A.M. to provide a project overview. ------------------------------------",98836,RFP#GLS08.26 Groundskeeping-Landscaping Services Ad.pdf,https://www.ms.gov/dfa/contract_bid_search/Bid/Details/46487
46488,before_details,no_civil_service_evidence,INFORMATION TECHNOLOGY (IT),PERSONNEL SERVICE - TECHNOLOGY,"Pre-Bid Conference: Date & Time: 9/9/2026 2:00 PM Description: A pre-proposal meeting will be held at 2130 Pass Road, Biloxi, MS 39531 on Wednesday, September 9, 2026, at 2:00 P.M. to provide a project overview. Proposals may be submitted in-person, b",91890,RFP#ITS08.26 IT Managed Services Ad..pdf,https://www.ms.gov/dfa/contract_bid_search/Bid/Details/46488
46489,after_details,retained,CONSTRUCTION,CONSTRUCTION - SERVICES,Notice is hereby given that the Warren County Board of Supervisors will receive sealed bids from qualified bidders for the project identified as the Warren County NRCS EWP Erosion Control Project No. 75(352) GROUP 12 (5 Sites). The project includes dr,91371,ADVERTISEMENT FOR BIDS_NRCS Group 12.pdf,https://www.ms.gov/dfa/contract_bid_search/Bid/Details/46489
46493,after_details,no_civil_service_evidence,PERSONNEL SERVICES NON-IT,PERSONNEL SERVICE - NON-TECHNOLOGY,"The Mississippi State Department of Health (MSDH), Office of State Health Officer, will accept submissions until 12:00 p.m. CST, Wednesday, October 14, 2026, from interested bidders to provide professional services to support a comprehensive compensation",91800,Advertisement; Amendment 1; Invitation for Bids,https://www.ms.gov/dfa/contract_bid_search/Bid/Details/46493
46494,before_details,no_civil_service_evidence,COMMODITIES,EQUIPMENT - TECHNOLOGY,"Holmes Community College will receive sealed un-priced bid proposals for the purchase of a Softball Scoreboard & Video System Bid File #25 until 10:00 a.m. CST on Tuesday, September 29, 2026. All submissions must be on file with the College prior to",80563,Notice to Bidders_25.pdf,https://www.ms.gov/dfa/contract_bid_search/Bid/Details/46494
46495,after_details,retained,CONSTRUCTION,CONSTRUCTION - SERVICES,"Separate sealed Bids will be received by the City of Carthage, Mississippi, for City of Carthage, Pump Station Rehabilitation & Lagoon Upgrades, CDBG Project Nos. 1138-23-140-PF-02 & 1200-23-140-PF-01, Leake County, Mississippi, Project No. 57-23, until",91381,City of Carthage Advertisement for Bid.pdf,https://www.ms.gov/dfa/contract_bid_search/Bid/Details/46495
46496,before_details,no_civil_service_evidence,COMMODITIES,EQUIPMENT - NON-TECHNOLOGY,"It is the intention of the Board of Trustees of the Mississippi Gulf Coast Community College to receive Sealed Bid Specifications and Procedures on the following item until 2:00 p.m., Tuesday, September 29, 2026. District Office in Harrison Hall, Perkin",55660,Legal Advertisement - Passenger Bus RFP 27-08-002.pdf,https://www.ms.gov/dfa/contract_bid_search/Bid/Details/46496
46497,retained,retained,CONSTRUCTION,CONSTRUCTION - SERVICES,"Sealed or Electronic bids for Pearlington Water and Sewer District Unit Repair and Replacement Project will be received by Pearlington Water and Sewer District, at the office of Brown, Mitchell & Alexander, Inc., 401 Cowan Road, Suite A, Gulfport, MS 3",91356,4 - Advertisement.pdf,https://www.ms.gov/dfa/contract_bid_search/Bid/Details/46497
46498,retained,retained,PERSONNEL SERVICES NON-IT,PERSONNEL SERVICE - NON-TECHNOLOGY,"Pre-Bid Conference: Date & Time: 9/22/2026 2:00:00 PM Description: A pre-bid conference will be held at 2:00 p.m. local time on September 22, 2026, at the Emergency Management Agency (EMA) Conference Room of the Harrison County Courthouse, 1801 23rd Avenu",92528,Advertisement for Bids - Beach Outfall Repairs (Zeta).pdf,https://www.ms.gov/dfa/contract_bid_search/Bid/Details/46498
46499,after_details,no_civil_service_evidence,PERSONNEL SERVICES NON-IT,EQUIPMENT - NON-TECHNOLOGY,"Methodist Children's Homes of Mississippi, Inc. (MCH) seeks proposals from qualified firms or individuals to provide comprehensive grant administration and compliance services for Community Development Block Grant - Coronavirus (CDBG-CV) funded projects",94652,MCH-CDBG-CV-2026-RFP-01_Addendum-No-1_pdf2 (1); MCH-CDBG-CV-2026-RFP-01_Original-RFP.pdf.pdf,https://www.ms.gov/dfa/contract_bid_search/Bid/Details/46499
46501,after_details,no_civil_service_evidence,PERSONNEL SERVICES NON-IT,PERSONNEL SERVICE - NON-TECHNOLOGY,"The contractor will serve in the role of Program Evaluator. The purpose of the Program Evaluator is to assist the program with developing, executing, and disseminating evaluation plans and findings for the purposes of required programmatic evaluation, con",91800,Amendment/Addenda #3; Attachment A_Qual Cover Sheet; Contract and BAA Ex.; IFB External Evaluator; Questions and Answers; Reference Form; Required Clauses,https://www.ms.gov/dfa/contract_bid_search/Bid/Details/46501
46502,before_details,noncompetitive_notification,COMMODITIES,SOLE SOURCE NOTICES,Sole Source Notice for FDA-cleared Clozapine Test Kits,11505,Notice of Proposed Sole Source Purchase,https://www.ms.gov/dfa/contract_bid_search/Bid/Details/46502
46504,before_details,no_civil_service_evidence,COMMODITIES,EQUIPMENT - NON-TECHNOLOGY,USM seeks bids for Single Wall Noninsulated Vertical Towers and Assoc. Accessories,83044,Bid 27_12 Bid Packet; COVER SHEET; LEGAL AD; SPECIFICATIONS,https://www.ms.gov/dfa/contract_bid_search/Bid/Details/46504
46505,before_details,noncompetitive_notification,PERSONNEL SERVICES NON-IT,PROTECTIVE ORDER REQUEST NOTICE,IFB Intent to Award for Beautification Services,98852,Notice of Intent to Award,https://www.ms.gov/dfa/contract_bid_search/Bid/Details/46505
46507,after_details,no_civil_service_evidence,PERSONNEL SERVICES NON-IT,PERSONNEL SERVICE - NON-TECHNOLOGY,"Sealed proposals will be received in the Procurement and Contract Services Office, The University of Southern Mississippi, 118 College Drive #5003, Bond Hall, Room 214, Hattiesburg, Mississippi, until Thursday, October 8, 2026, at 2:00 p.m., for the purch",96335,USM RFP 27-16 Banking Services,https://www.ms.gov/dfa/contract_bid_search/Bid/Details/46507
46508,after_details,no_civil_service_evidence,PERSONNEL SERVICES NON-IT,PERSONNEL SERVICE - NON-TECHNOLOGY,"The University of Southern Mississippi Physical Plant Division will receive sealed proposals at the University of Southern Mississippi Physical Plant Department Conference Room in Hattiesburg, Mississippi until 10:00 a.m., local time, on Thursday, October",03113,Legal Ad - Hillcrest Chiller Plant Upgrade,https://www.ms.gov/dfa/contract_bid_search/Bid/Details/46508
46509,after_details,no_civil_service_evidence,PERSONNEL SERVICES NON-IT,PERSONNEL SERVICE - NON-TECHNOLOGY,The Mississippi Department of Human Services (MDHS) is issuing this Request for Information (RFI) to conduct market research and identify external organizations qualified to partner with the agency in a statewide delivery of the ProFathering15 curriculum.,96153,Request for Information,https://www.ms.gov/dfa/contract_bid_search/Bid/Details/46509
46510,before_details,no_civil_service_evidence,INFORMATION TECHNOLOGY (IT),EQUIPMENT - NON-TECHNOLOGY,"NOTICE TO BIDDERS Sealed bids will be received in the Office of the Director of Procurement Services, The University of Southern Mississippi, 118 College Drive #5003, Bond Hall, Room 214, Hattiesburg, Mississippi, until Wednesday, October 7, 2026, 2:00 p.",49055,BID 27-15 High-Purity Germanium (HPGe) Well Detector- Gamma; USM BID 27-15 Legal Ad,https://www.ms.gov/dfa/contract_bid_search/Bid/Details/46510
46511,after_details,no_civil_service_evidence,PERSONNEL SERVICES NON-IT,PERSONNEL SERVICE - NON-TECHNOLOGY,Contractor to provide occupational therapy services for the residents at Specialized Treatment Facility,94800,Reference packet; RFI; RFx Form; State Application,https://www.ms.gov/dfa/contract_bid_search/Bid/Details/46511
46512,after_details,no_civil_service_evidence,PERSONNEL SERVICES NON-IT,EQUIPMENT - NON-TECHNOLOGY,"Methodist Children's Homes of Mississippi, Inc. (MCH) seeks proposals from qualified firms or individuals to provide comprehensive grant administration and compliance services for Community Development Block Grant - Coronavirus (CDBG-CV) funded projects",94652,MCH-CDBG-CV-2026-RFP-01_Addendum-No-1_pdf2 (2); MCH-CDBG-CV-2026-RFP-01_Original-RFP.pdf.pdf,https://www.ms.gov/dfa/contract_bid_search/Bid/Details/46512
46513,after_details,no_civil_service_evidence,PERSONNEL SERVICES NON-IT,PERSONNEL SERVICE - NON-TECHNOLOGY,"Methodist Children's Homes of Mississippi, Inc. (MCH) seeks proposals from qualified firms or individuals to provide comprehensive grant administration and compliance services for Community Development Block Grant - Coronavirus (CDBG-CV) funded projects",94652,MCH-CDBG-CV-2026-RFP-01_Addendum-No-1_pdf1; MCH-CDBG-CV-2026-RFP-01_Original-RFP.pdf.pdf,https://www.ms.gov/dfa/contract_bid_search/Bid/Details/46513
46519,before_details,no_civil_service_evidence,COMMODITIES,SUPPLIES - NON-TECHNOLOGY,"Sealed bids Will be received by the City Clerk Of the City Of Natchez, office of the City Clerk, 124 South Pearl Street, Natchez, Mississippi, until I.Q;QQ-AM. on Septemher3Q, 2225, and shortly thereafter shall be publicly opened and read aloud by the Of",15010,CL - Proof.pdf,https://www.ms.gov/dfa/contract_bid_search/Bid/Details/46519
46520,after_details,no_civil_service_evidence,PERSONNEL SERVICES NON-IT,PERSONNEL SERVICE - NON-TECHNOLOGY,"Lease Purchase proposals will be received by the City of Jackson, Mississippi no later than 3:30 p.m. central time on Tuesday, September 29, 2026. Please submit two (2) copies Of sealed proposals to the City of Jackson, Mississippi marked ""RFP# 94654-0929",94654,4524_001.pdf,https://www.ms.gov/dfa/contract_bid_search/Bid/Details/46520
46522,before_details,no_civil_service_evidence,COMMODITIES,EQUIPMENT - NON-TECHNOLOGY,"Notice is hereby given that AAA Ambulance Service will receive sealed bids to prequalify bidders for participation in a reverse auction until 2:00 p.m. on the 30th day of September 2026, for the purchase of the following, to wit: Two (2) ambulance remo",07103,Notice to Bidders 2026 Remounts.pdf,https://www.ms.gov/dfa/contract_bid_search/Bid/Details/46522
46523,before_details,no_civil_service_evidence,COMMODITIES,EQUIPMENT - TECHNOLOGY,"Sealed bids for the purchase of the following, will be received in the Office of Procurement Services, Mississippi State University. Bids can be mailed to: 405 Garrad Road East, Starkville, MS 39759. SUBMISSION DEADLINE WEDNESDAY, SEPTEMBER 30 ,2026 AT",49043,AD MSU2026107.pdf,https://www.ms.gov/dfa/contract_bid_search/Bid/Details/46523
46524,before_details,no_civil_service_evidence,COMMODITIES,SUPPLIES - NON-TECHNOLOGY,"Sealed bids Will be received by the Board Of Supervisors of DeSoto County, Mississippi, until a.m. on Monday, September 28, 2026, at the Office Of Procurement, 365 Losher Street, Suite 320, Hernando, Mississippi, for the annual bid for securing Crushed Li",75035,SIGNED NOTICE TO BIDDERS.pdf,https://www.ms.gov/dfa/contract_bid_search/Bid/Details/46524
46526,before_details,no_civil_service_evidence,COMMODITIES,SUPPLIES - TECHNOLOGY,SOLE SOURCE REQUEST TO PURCHASE FishTek SharkGuard shark deterrents,49043,Notice,https://www.ms.gov/dfa/contract_bid_search/Bid/Details/46526
46532,after_details,no_civil_service_evidence,PERSONNEL SERVICES NON-IT,PERSONNEL SERVICE - NON-TECHNOLOGY,"Methodist Children's Homes of Mississippi, Inc. (MCH) seeks proposals from qualified firms or individuals to provide comprehensive grant administration and compliance services for Community Development Block Grant - Coronavirus (CDBG-CV) funded projects",91806; 91825; 91827; 91858,MCH-CDBG-CV-2026-RFP-01_Original-RFP.pdf.pdf,https://www.ms.gov/dfa/contract_bid_search/Bid/Details/46532
46533,after_details,retained,CONSTRUCTION,CONSTRUCTION - SERVICES,Striping and Protection Equipment and Labor,90945,IFB - Striping & Protection,https://www.ms.gov/dfa/contract_bid_search/Bid/Details/46533
46535,after_details,no_civil_service_evidence,CONSTRUCTION,CONSTRUCTION - SERVICES,Bureau of Building GS# 102-283 Court of Governors Demolition Delta State University,90922,Bid Ad,https://www.ms.gov/dfa/contract_bid_search/Bid/Details/46535
46537,before_details,noncompetitive_notification,COMMODITIES,SOLE SOURCE NOTICES,"Sole Source SSP26-03 - The Schrödinger Small Molecule Drug Discovery Suite is a comprehensive software suite designed for the investigation of chemical systems. It includes tools for target preparation, ligand preparation, workflow automation, and virtual",49090,RFx 3150007041; Sole Source 26-03,https://www.ms.gov/dfa/contract_bid_search/Bid/Details/46537
46539,before_details,noncompetitive_notification,INFORMATION TECHNOLOGY (IT),SOLE SOURCE NOTICES,Sole Source No. 5017; for the sole source certification of Light Detection and Ranging (LiDAR) scanning system software support and maintenance for the Department of Transportation.,92007,Sole Source No. 5017 URL,https://www.ms.gov/dfa/contract_bid_search/Bid/Details/46539
46540,before_details,noncompetitive_notification,INFORMATION TECHNOLOGY (IT),SOLE SOURCE NOTICES,Sole Source No. 5019; for the sole source certification of Laboratory Information Management System (LIMS) software maintenance and support for the Department of Environmental Quality.,92007,Sole Source No. 5019 URL,https://www.ms.gov/dfa/contract_bid_search/Bid/Details/46540
46542,before_details,no_civil_service_evidence,COMMODITIES,EQUIPMENT - NON-TECHNOLOGY,"The TUPELO PUBLIC SCHOOL DISTRICT will receive sealed bids for the Board of Trustees at the Tupelo Public School District, Finance Office at 445 Church St. Tupelo, MS 38804 for the following item on Wednesday, September 30, 2026. All bids must be rece",80563,BD 2702 AD.pdf,https://www.ms.gov/dfa/contract_bid_search/Bid/Details/46542
46543,before_details,no_civil_service_evidence,COMMODITIES,SUPPLIES - NON-TECHNOLOGY,"Electronic sealed Bid proposals for the above Bid will be received by the Board of Trustees of the Jackson Public School District, in the Business Office, 662 South President Street, Jackson, Mississippi, for RFP 2026-03-27 Pre K-12 Diagnostic Assessmen",28758; 71510; 92015; 92416; 92478,RFP 2026-03-27 1 Pre K-12 Diagnostic Assessment and Tiered Inter,https://www.ms.gov/dfa/contract_bid_search/Bid/Details/46543
46545,after_details,retained,CONSTRUCTION,CONSTRUCTION - SERVICES,The Jackson County Utility Authority (Owner) is requesting Bids for the construction of the following Project: WJC POTW 1C PROCESS IMPROVEMENTS PHASE 1: HEADWORKS AND IRRIGATION SYSTEM Bids for the construction of the Project will be received at th,91345,WJC Process Improvements Phase 1 Legal Ad.pdf,https://www.ms.gov/dfa/contract_bid_search/Bid/Details/46545
46546,before_details,no_civil_service_evidence,COMMODITIES,EQUIPMENT - NON-TECHNOLOGY,"RFX 3160008219 Agency Contract for Calcium Chloride, Mississippi Department of Transportation Competitive Sealed Bid *PLEASE ATTACH ADDENDUM A WITH YOUR RESPONSE* Bid Opening: Wednesday, September 30, 2026 at 10:30 AM CST Last day for Questions: Wedne",19246,Addendum A; Attachment A RFX Response in MAGIC (9); Attachment B Magic Supplier Self- Service (8); Attachment C EEV Certification; Attachment D- Pricing Pages- Calcium Chloride; Example of Agency Contract Attachment E; RFX 3160008219 Bid Packet for Calcium Chloride,https://www.ms.gov/dfa/contract_bid_search/Bid/Details/46546
46547,after_details,retained,CONSTRUCTION,CONSTRUCTION - SERVICES,"Sealed bids will be received by the Board of Supervisors of Leflore County Mississippi at the Leflore County Courthouse, Greenwood, Mississippi, until 3:00 PM on the 5th day of OCTOBER , 2026 and shortly thereafter publicly opened for the construc",91371,ADVERTISEMENT.pdf,https://www.ms.gov/dfa/contract_bid_search/Bid/Details/46547
46548,retained,retained,CONSTRUCTION,CONSTRUCTION - SERVICES,"Sealed bids will be received by the Board of Supervisors of Jasper County in Bay Springs, Mississippi until 10:00 A.M., on Monday, October 5, 2026, and shortly thereafter publicly opened for the construction of 0.089 miles of BRIDGE & APPROACHES on the",91313,Section 900.pdf,https://www.ms.gov/dfa/contract_bid_search/Bid/Details/46548
46549,after_details,no_civil_service_evidence,CONSTRUCTION,CONSTRUCTION - SERVICES,"PreBid Conference Date & Time: 9/17/2026 1:30 PM Description: Pre-Bid Conference will be held at 476 Highland Colony Parkway in Ridgeland, MS 39157 on September 17 at 1:30 PM, CST. --------------------------------------------------------------------------",90625,Advertisement_Legal.pdf,https://www.ms.gov/dfa/contract_bid_search/Bid/Details/46549
46550,after_details,retained,CONSTRUCTION,CONSTRUCTION - SERVICES,"SEALED proposals will be received by the TOWN OF BRAXTON at the office of the Engineer, Heflin Engineering, LLC, 548 Keyway Drive, Flowood, MS 39232 or electronic bids submitted via www.heflinengineeringbids.com until 10:00 AM, local time, October 7, 20",72090,ADVERTISEMENT FOR BIDS.pdf,https://www.ms.gov/dfa/contract_bid_search/Bid/Details/46550
46551,after_details,retained,CONSTRUCTION,CONSTRUCTION - SERVICES,"Bids for the construction of Squirrel Branch Bank Stabilization Phase III will be received by the City of Richland, MS at Richland City Hall located at 380 Scarborough Street, Richland, MS 39218 or electronically at www.engserviceplans.com until Friday,",98863,00 11 17 - C-111_Advertisement for Bid.pdf,https://www.ms.gov/dfa/contract_bid_search/Bid/Details/46551
46552,after_details,retained,CONSTRUCTION,CONSTRUCTION - SERVICES,"Sealed Statements of Qualifications will be received by Pearl River Community College at The Office of the President, Alexander Administration Building, 101 Hwy. 11 North, Poplarville, MS 39470 until 2:00 PM CDT on October 1, 2026 for professional archi",90610,RFQ PRCC GulfEDGE Public Advertisement.pdf,https://www.ms.gov/dfa/contract_bid_search/Bid/Details/46552
46553,after_details,no_civil_service_evidence,PERSONNEL SERVICES NON-IT,PERSONNEL SERVICE - NON-TECHNOLOGY,"The Mississippi State Port Authority at Gulfport (MSPA) is seeking proposals for designation as the Trash Disposal Services Provider. All inquiries, including the Request for Proposals referenced herein, shall be in writing and directed to Purchasing at 2",91027,27OP02 Tr Disp Ad SIGNED.pdf,https://www.ms.gov/dfa/contract_bid_search/Bid/Details/46553
46554,after_details,no_civil_service_evidence,CONSTRUCTION,EQUIPMENT - TECHNOLOGY,"Please be advised that sealed bids will be received by the Marshall County Board of Supervisors of Marshall County, Mississippi, in the office of the County Administrator, 1 1 1 S. Market St, Post Office Box 219, Holly Springs, Mississippi 38635, (662) 25",76535,08312026_NOTICE TO BIDDERS.pdf,https://www.ms.gov/dfa/contract_bid_search/Bid/Details/46554
46555,before_details,no_civil_service_evidence,COMMODITIES,EQUIPMENT - TECHNOLOGY,"Please be advised that sealed bids will be received by the Marshall County Board Of Supervisors of Marshall County, Mississippi, in the office of the County Administrator, 111 S. Market st, Post Office Box 219, Holly Springs, Mississippi 38635, (662) 252-",92947,08312026_COUNTY OF MARSHALL.pdf,https://www.ms.gov/dfa/contract_bid_search/Bid/Details/46555
46556,after_details,no_civil_service_evidence,CONSTRUCTION,CONSTRUCTION - SERVICES,"PreBid Conference: Date & Time: 9/22/2026 10:00:00 AM Description: To assist Bidders during the bid period, one (1) Pre-Bid Conference and Site Visit will be held at Memorial Hospital at Gulfport on Tuesday, September 22, 2026 at 10:00 AM, with a site vis",91484,00 11 13 - Advertisement to Bid R2.pdf,https://www.ms.gov/dfa/contract_bid_search/Bid/Details/46556
46557,after_details,retained,CONSTRUCTION,CONSTRUCTION - SERVICES,Bidders may submit a sealed bid as indicated above or may submit an electronic bid in lieu of a sealed bid. Submission of an electronic bid in lieu of a sealed bid shall be submitted at www.pryormorrowplans.com. Electronic bids are not required but a,91244,00 11 13 Advertisement for Bids.pdf,https://www.ms.gov/dfa/contract_bid_search/Bid/Details/46557
46558,retained,retained,PERSONNEL SERVICES NON-IT,PERSONNEL SERVICE - NON-TECHNOLOGY,The Choctaw County Economic Development District requests statements of qualifications from qualified firms or individuals to provide engineering services for work related to the development of an Industrial Site Suitability Study utilizing federal and l,92517,IGNITE Engineering Services RFQ Notice.pdf,https://www.ms.gov/dfa/contract_bid_search/Bid/Details/46558
46560,after_details,retained,CONSTRUCTION,CONSTRUCTION - SERVICES,"NOTICE is hereby given that the Mayor and Board of Aldermen of the City of Southaven, Mississippi will receive written sealed bids until the hour of 10 oclock a.m. local time, on October 1st, 2026 at the office of the City Clerk of the City of Southave",91327,00100 - Ad for Bids.pdf; 00100_-_Ad_for_Bids2,https://www.ms.gov/dfa/contract_bid_search/Bid/Details/46560
46561,after_details,retained,CONSTRUCTION,CONSTRUCTION - SERVICES,"Sealed bids will be received by the Board of Supervisors of Panola County Mississippi at the Panola County Courthouse, 151 Public Square Batesville, Mississippi 38606 until 11:00 AM on the 5th Day of October 2026 and shortly thereafter publicly opened for",91313,LSBP-54(35) Advertisement.pdf,https://www.ms.gov/dfa/contract_bid_search/Bid/Details/46561
46562,retained,retained,CONSTRUCTION,CONSTRUCTION - SERVICES,"sealed BIDS for SEWER IMPROVEMENTS (CDBG PROJECT NO. 1200-24-278-PF-01) will be received by theTown of North Carrollton (P.O. Box 305, North Carrollton, MS 38947) in the office of the Mayor in North Carrollton, MS until, OCTOBER 9, 2026 @ 10:00 AM",91345,ADVERTISEMENT.pdf,https://www.ms.gov/dfa/contract_bid_search/Bid/Details/46562
46563,after_details,retained,CONSTRUCTION,CONSTRUCTION - SERVICES,"Sealed bids will be received by the Board of Supervisors of Carroll County Mississippi at the Carroll County Courthouse, Carrollton, Mississippi, until 10:00 AM on the 2nd day of OCTOBER , 2026 and shortly thereafter publicly opened for the constructi",91366,LSBP-08(48) ADVERTISEMENT.pdf,https://www.ms.gov/dfa/contract_bid_search/Bid/Details/46563
46565,after_details,no_civil_service_evidence,CONSTRUCTION,CONSTRUCTION - SERVICES,"The Housing Authority Of The City of Corinth, MS, Corinth, MS will receive bids for their A2026 Miscellaneous Renovations & H/C Renovations At Project 072-001 (Robbins) for The Housing Authority Of The City Of Corinth, MS@. Bids from Contractors will",91427,001100.pdf,https://www.ms.gov/dfa/contract_bid_search/Bid/Details/46565
46566,after_details,no_civil_service_evidence,CONSTRUCTION,CONSTRUCTION - SERVICES,"Separate sealed bids for the Washington County Board of Supervisors Paul Love Park Pavillion Project No. 26-76C104 will be received by the Washinton County Chancery Clerks Office, 900 Washington Avenue, Greenville, MS, 38701 until 10:00 am (CST), O",15540,MTAP-Advertisement-PLP-Pavilion.pdf,https://www.ms.gov/dfa/contract_bid_search/Bid/Details/46566
46567,after_details,retained,CONSTRUCTION,CONSTRUCTION - SERVICES,"Separate sealed bids for the Washington County Road and Bank Stabilization Agreement No. NR254423XXXXC011 Sunflower River Road, Helm Road and Tribbett Road Project No. 25-76C105 will be received by the Board of Supervisors of Washington County,",75035,0-DDT-Ad-EWP.pdf,https://www.ms.gov/dfa/contract_bid_search/Bid/Details/46567
46568,before_details,retained,COMMODITIES,CONSTRUCTION - SERVICES,"NOTICE is hereby given that the Canton Municipal Utilities, (CMU), will receive written sealed bids until the hour of 10:00 o'clock a.m. local time, on October 6th, 2026 at the CMU office, 127 W. Peace St., Canton, Mississippi 39046, for the furnishing",91356,2_advertisement for bid October2026-September2027.pdf,https://www.ms.gov/dfa/contract_bid_search/Bid/Details/46568
46569,before_details,no_civil_service_evidence,INFORMATION TECHNOLOGY (IT),PERSONNEL SERVICE - TECHNOLOGY,"NOTICE IS HEREBY GIVEN THAT SEALED PROPOSALS WILL BE RECEIVED AT THE UNIVERSITY OF MISSISSIPPI, OFFICE OF PROCUREMENT SERVICES, 164 JEANETTE PHILLIPS DRIVE, UNIVERSITY, MS 38677 ON THURSDAY, OCTOBER 8, 2026, UNTIL 1:00 PM AND OPENED IMMEDIATELY THEREAF",91829,ADVERTISEMENT RFP 828.docx.pdf,https://www.ms.gov/dfa/contract_bid_search/Bid/Details/46569
46570,after_details,retained,CONSTRUCTION,CONSTRUCTION - SERVICES,"Sealed bids will be received by the Public Service Commission of Yazoo City, until 10:00 AM local time, October 9th, 2026, at the Public Service Commission of Yazoo City Board room located at 210 South Mound Street, Yazoo City, MS 39194 in the Administr",83073,01 Ad.pdf,https://www.ms.gov/dfa/contract_bid_search/Bid/Details/46570
46571,after_details,retained,CONSTRUCTION,CONSTRUCTION - SERVICES,"Sealed bids will be received by the Lowndes County Board of Supervisors, located at 505 2nd Avenue North, Columbus, MS 39701, until 10:00 am local time on Friday, October 9, 2026, for supplying all labor and materials (as specified) necessary for constr",96878,Advertisement for ARC Construction Bids 2026 Cinco Part 1 V4.pdf,https://www.ms.gov/dfa/contract_bid_search/Bid/Details/46571
46572,after_details,retained,CONSTRUCTION,CONSTRUCTION - SERVICES,"Sealed bids will be received by the Lowndes County Board of Supervisors, located at 505 2nd Avenue North, Columbus, MS 39701, until 10:00 am local time on Friday, October 9, 2026, for supplying all labor and materials (as specified) necessary for constr",91356,Advertisement for ARC Construction Bids 2026 Cinco Part 2 V4.pdf,https://www.ms.gov/dfa/contract_bid_search/Bid/Details/46572
46573,after_details,no_civil_service_evidence,CONSTRUCTION,CONSTRUCTION - SERVICES,"You are hereby invited to submit a sealed bid (or at the Bidders option, electronically submitted Bids) for REBID NWCC Agricultural Technology Facility. Bids will be received from Contractors at the Northwest Mississippi Community College Central, Of",90922,ADVERTISEMENT FOR REBID NWCC AG TECH FACILITY.pdf,https://www.ms.gov/dfa/contract_bid_search/Bid/Details/46573
46574,after_details,no_civil_service_evidence,CONSTRUCTION,CONSTRUCTION - SERVICES,"Pre-Bid Conference: Date & Time: 9/24/2026 1:30 PM Description: A pre-bid conference will be held September 24, 2026, at 1:30 p.m. in the Facilities Planning Conference Room at the John W. White Facilities Management Building, 700 Hathorn Road, University",91065,Advertisement For Bids 1299.pdf,https://www.ms.gov/dfa/contract_bid_search/Bid/Details/46574
46575,after_details,no_civil_service_evidence,CONSTRUCTION,CONSTRUCTION - SERVICES,"A. Your firm is invited to submit an offer under seal to the Owner (Starkville Oktibbeha School District, 401 Greensboro Street, Starkville, Mississippi 39759) located at the above address for construction of a buil",16582,001113-RIB-Advertisement for Bids-09-02-2026.pdf,https://www.ms.gov/dfa/contract_bid_search/Bid/Details/46575
46576,after_details,no_civil_service_evidence,CONSTRUCTION,CONSTRUCTION - SERVICES,PreBid Conference: Date & Time: 9/23/2026 10:00 AM Description: Madison County Office Building Board Room ------------------------------------------------------------------------------------------------------------------------------- Synopsis Descriptio,15550,Advertisement-Madison-County-Boardroom-Improvements.pdf,https://www.ms.gov/dfa/contract_bid_search/Bid/Details/46576
46577,before_details,no_civil_service_evidence,COMMODITIES,SURPLUS,"Interested parties should present formal proposals by October 9, 2026 to: Korey Hardin, Neel-Schaffer, Inc. 795 Howard Ave, Biloxi, MS 39530.",15508,Roy Cumbest Bridge Relocation Advertisement (1).docx - 1.pdf,https://www.ms.gov/dfa/contract_bid_search/Bid/Details/46577
46578,before_details,no_civil_service_evidence,COMMODITIES,SUPPLIES - NON-TECHNOLOGY,"NOTICE is hereby given that the Board Of Supervisors Of Jackson County, Mississippi will receive unpriced proposals for prequalification until 2:00 PM on October 6 2026, Specifications may be Obtained by visiting the website Plan House at www.Jacksonc0Qla",54023,Lumber and Related Materials for Lum Cumbest Reverse Auction.pdf,https://www.ms.gov/dfa/contract_bid_search/Bid/Details/46578
46579,after_details,retained,CONSTRUCTION,HIGHWAY CONSTRUCTION,"Sealed bids or electronic bids will be received by the Board of Supervisors of Alcorn County, Mississippi until 9:00 AM on the 1st day of October, 2026 and shortly thereafter publicly opened for the construction of 1.137 miles of OVERLAY on Farmington Ro",91395,advertisement(newspaper).pdf,https://www.ms.gov/dfa/contract_bid_search/Bid/Details/46579
46580,after_details,no_civil_service_evidence,CONSTRUCTION,CONSTRUCTION - SERVICES,IFB#5590/ RFx 3160008277-Interior Renovations to J.D. Boyd Library at Alcorn State University.,91065,advertisement,https://www.ms.gov/dfa/contract_bid_search/Bid/Details/46580
46581,after_details,no_civil_service_evidence,CONSTRUCTION,CONSTRUCTION - SERVICES,"PURSUANT to the Order of the Board of Supervisors of Tunica County, Mississippi, notice is hereby given that said Board will receive sealed bids until 10:00 o'clock a.m, Friday, October 2, 2026, in the Board of Supervisors Room at the Tunica County Courth",90922,SKM_C361i26090912250.pdf,https://www.ms.gov/dfa/contract_bid_search/Bid/Details/46581
46582,after_details,retained,CONSTRUCTION,CONSTRUCTION - SERVICES,"Sealed bids will be received by the Board of Supervisors of Pike County, Mississippi at the Pike County Courthouse, Magnolia, Mississippi, until 10:00 a.m. on the 18th day of October , 2026 and shortly thereafter publicly opened for con",91327,Contract Documents_Part1.pdf; Contract Documents_Part2.pdf; Plans (Part 1).pdf; Plans (Part 2).pdf; Plans (Part 3).pdf,https://www.ms.gov/dfa/contract_bid_search/Bid/Details/46582
46583,after_details,no_civil_service_evidence,CONSTRUCTION,CONSTRUCTION - SERVICES,"Sealed bids will be received by the Board of Supervisors of Desoto County Mississippi at the DeSoto County Administration Building, located at 365 Losher Street, Suite 340, Hernando, MS 38632, until 10:00 AM on the 9th day of October 2026 shortly thereaf",74505,Signed Notice to Bidders.pdf,https://www.ms.gov/dfa/contract_bid_search/Bid/Details/46583
46584,retained,retained,PERSONNEL SERVICES NON-IT,PERSONNEL SERVICE - NON-TECHNOLOGY,"Yazoo County requests proposals from qualified firms or individuals to provide engineering services for work related to the implementation of FY 2027 Delta Regional Authority (DRA) project(s), if awarded. Proposals must be received by the Office of the",92517,Yazoo County RFQ DRA 2027.pdf,https://www.ms.gov/dfa/contract_bid_search/Bid/Details/46584
46585,after_details,no_civil_service_evidence,CONSTRUCTION,CONSTRUCTION - SERVICES,IFB#5589/RFx 3160008276- Renovations to Alcorn State University Old Infirmary at Alcorn State University.,91065,advertisement,https://www.ms.gov/dfa/contract_bid_search/Bid/Details/46585
46586,retained,retained,PERSONNEL SERVICES NON-IT,PERSONNEL SERVICE - NON-TECHNOLOGY,"Yazoo County requests proposals from qualified firms or individuals to provide engineering services for work related to the implementation of Small Municipalities and Limited Population Counties (SMLPC) Grant Program project(s), if awarded. Proposals mu",92517,Yazoo County RFQ SMLPC 2026.pdf,https://www.ms.gov/dfa/contract_bid_search/Bid/Details/46586
46587,retained,retained,PERSONNEL SERVICES NON-IT,PERSONNEL SERVICE - NON-TECHNOLOGY,"Yazoo County requests proposals from qualified firms or individuals to provide engineering services related to the preparation of FY 2027 Community Development Block Grant (CDBG) project application(s) and, if awarded, implementation of the approved pro",92517,Yazoo County RFQ CDBG 2027.pdf,https://www.ms.gov/dfa/contract_bid_search/Bid/Details/46587
46588,before_details,no_civil_service_evidence,INFORMATION TECHNOLOGY (IT),SUPPLIES - TECHNOLOGY,"The NESHOBA COUNTY BOARD OF SUPERVISORS will receive sealed proposals and bids until Monday, October 5, 2026 at 10:00 AM from qualified vendors in response to this solicitation for acquiring the following software and services: Accounting and Marriage",20810,; Circuit Clerk Software Advertisement.pdf,https://www.ms.gov/dfa/contract_bid_search/Bid/Details/46588
46589,before_details,no_civil_service_evidence,COMMODITIES,SUPPLIES - TECHNOLOGY,"Notice is hereby given by law that bids for Welding Equipment (Bid Number: 012026-004) will be received by the Smith County Board of Education of Raleigh, Mississippi. Bids will be received by an Electronic Reverse Auction Process administered by Centr",89510,Welder_RA_#2_Bid_Packet1; Welding Equipment #2 Reverse Auction Advertisement October 2026.,https://www.ms.gov/dfa/contract_bid_search/Bid/Details/46589
46590,after_details,no_civil_service_evidence,CONSTRUCTION,CONSTRUCTION - SERVICES,"NOTfCE is hereby given that the Mayor and Board of Aldermen of the City of Southaven, Mississippi will receive written sealed bids until the hour of 10 o'clock a.m. local time, on Friday, October 9, 2026 at the office of the City Clerk of the City of So",28537,Advertisement.pdf,https://www.ms.gov/dfa/contract_bid_search/Bid/Details/46590
46591,after_details,no_civil_service_evidence,PERSONNEL SERVICES NON-IT,PERSONNEL SERVICE - NON-TECHNOLOGY,"NOTICE is hereby given that the City of Laurel, Laurel, Mississippi, intends to solicit Statements of Qualifications for Professional Grant Preparer and Grant Administration Services on the Mississippi Home Corporation HOME Grant. Packages will be accep",94652,Laurel Grant Admin Advertisement (1).pdf,https://www.ms.gov/dfa/contract_bid_search/Bid/Details/46591
46593,after_details,no_civil_service_evidence,CONSTRUCTION,CONSTRUCTION - FURNITURE AND EQUIPMENT,"Notice is hereby given that sealed bids will be received by the Board of Supervisors of Scott County, for the purchase of (1) or more New 2027 or later model year tri-axle dump trucks to be used in the construction and maintenance of county roads and br",07208,Blank_Scott_County_Dump_Truck_Specifications1; Notice to bidders - Tri-axle dump trucks (2026).pdf,https://www.ms.gov/dfa/contract_bid_search/Bid/Details/46593
46594,after_details,no_civil_service_evidence,PERSONNEL SERVICES NON-IT,REAL PROPERTY,"Notice is hereby given that the Board Of Supervisors of Leake County, Mississippi will received written sealed bids at the Office of the Leake County Chancery Clerk in the Leake County Courthouse in Carthage, Leake County, Mississippi until 9:00 0'clock A",91814,Appraisal Document_2026-09-15_154632.pdf; Appraisal_Document_2026-09-15_1546322,https://www.ms.gov/dfa/contract_bid_search/Bid/Details/46594
46595,after_details,no_civil_service_evidence,CONSTRUCTION,CONSTRUCTION - SERVICES,"Pre-Bid Conference: Date & Time: 9/22/2026 10:00:00 AM Description: A Pre-Bid Conference concerning the Jackson Redevelopment Authority, Canopy Replacement project will be held at 300 W. Capitol Street, Suite 200, Jackson, Mississippi 39201 on Tuesday, Se",15520,001113 - Advertisement for Bidding.pdf,https://www.ms.gov/dfa/contract_bid_search/Bid/Details/46595
46596,after_details,no_civil_service_evidence,PERSONNEL SERVICES NON-IT,PERSONNEL SERVICE - NON-TECHNOLOGY,Ellisville State School at South Mississippi Regional Center (hereinafter Agency) has issued this Invitation for Bids for the purpose of receiving sealed bids from qualified vendors to provide Professional Nursing and CNA Services to the Persons-served,94864,Amendment One-RFx3160008232; IFB NURSING-SMRC; Request for Reconsideration of Solicitation,https://www.ms.gov/dfa/contract_bid_search/Bid/Details/46596
46600,after_details,retained,CONSTRUCTION,CONSTRUCTION - SERVICES,"Jackson State University of Hinds County, Mississippi, will receive bids for the Pedestrian Lighting and Emergency Blue Light Between Dalton Street and University Boulevard along John R. Lynch Street for a total project length of 0.5 miles, Federal Aid",28555; 91347,2026-08-27_Advertisement.pdf,https://www.ms.gov/dfa/contract_bid_search/Bid/Details/46600
46601,after_details,retained,CONSTRUCTION,CONSTRUCTION - SERVICES,"Notice is hereby given that the City of Moss Point, Mississippi, will receive sealed at the City Clerks Office, City Hall, located at 4320 McInnis Ave., Moss Point, Mississippi, 39563, until 2:00 p.m., Local Time, on Thursday, October 8th 2026, for the",91310; 91350; 91396,Moss Point I10 Corridor Improvements Advertisement 09092026.pdf,https://www.ms.gov/dfa/contract_bid_search/Bid/Details/46601
46602,after_details,retained,CONSTRUCTION,CONSTRUCTION - SERVICES,"PreBid Conference: Date & Time: 9/17/2026 9:00 AM Description: A pre-bid Conference will be held Thursday, September 17, 2026 @ 9:00a.m. @ City Hall, 200 Forrest Street, Hattiesburg, MS 39401. All interested Contractors & Subcontractors are encouraged to",91347; 98852,Adv for Bid.pdf,https://www.ms.gov/dfa/contract_bid_search/Bid/Details/46602
46603,after_details,retained,CONSTRUCTION,CONSTRUCTION - SERVICES,"You are hereby invited to submit a sealed bid (or at the Bidders option, electronically submitted Bids) for Underground Utility Location - Phase 2 located at the Harrison County and Jackson County Campuses and West Harrison County, George County, Tra",90924; 91356,Utility Locate - ADVERTISEMENT FOR BID MGCCC.pdf,https://www.ms.gov/dfa/contract_bid_search/Bid/Details/46603
46604,retained,retained,CONSTRUCTION,CONSTRUCTION - SERVICES,"Lee County requests proposals from qualified firms or individuals to provide Engineering services for work related to an infrastructure project with potential funding from: Appalachian Regional Commission, HUDCommunity Development Block Grant, U.S. Eco",92517; 92528,RFP Engineering Services1.pdf,https://www.ms.gov/dfa/contract_bid_search/Bid/Details/46604
46605,after_details,no_civil_service_evidence,CONSTRUCTION,CONSTRUCTION - SERVICES,"Pre-Bid Conference: Date & Time: 9/10/2026 11:00:00 AM Description: A bid fair will be held in person at Century Construction Group - Tupelo Office, 705 Robert E Lee Drive Tupelo, MS 38801 from 11:00 a.m. CST to 1:00 p.m. CST. Lunch will be provided. Con",68072; 90977; 91455; 91468; 91473,Notice to Bidders for Phase II #2.pdf,https://www.ms.gov/dfa/contract_bid_search/Bid/Details/46605
46606,after_details,no_civil_service_evidence,CONSTRUCTION,CONSTRUCTION - SERVICES,"Pre-Bid Conference: Date &Time: 9/10/2026 11:00 AM Description: A bid fair will be held in person at Century Construction Group - Tupelo Office, 705 Robert E Lee Drive Tupelo, MS 38801 from 11:00 a.m. CST to 1:00 p.m. CST. Lunch will be provided. Contract",68072; 90977; 91455; 91468; 91473,Notice to Bidders for Phase II #2.pdf,https://www.ms.gov/dfa/contract_bid_search/Bid/Details/46606
46608,after_details,no_civil_service_evidence,CONSTRUCTION,CONSTRUCTION - SERVICES,"Pre-Bid Conference: Date & Times: 9/10/2026 11:00 AM Description: A bid fair will be held in person at Century Construction Group - Tupelo Office, 705 Robert E Lee Drive Tupelo, MS 38801 from 11:00 a.m. CST to 1:00 p.m. CST. Lunch will be provided. Contra",68072; 90977; 91455; 91468; 91473,Notice to Bidders for Phase II #2.pdf,https://www.ms.gov/dfa/contract_bid_search/Bid/Details/46608
46609,after_details,retained,CONSTRUCTION,CONSTRUCTION - SERVICES,"Pre-Bid Conference: Date & Time: 9/17/2026 9:00 AM Description: Pre-Bid location @ City Hall, 200 Forrest St., Hattiesburg, MS, 39401. ALL interested Contractors & Subcontractors are encouraged to attend. -------------------------------------------------",57065; 91347; 98852,C111 AdvforBids (003).pdf,https://www.ms.gov/dfa/contract_bid_search/Bid/Details/46609
46610,after_details,retained,CONSTRUCTION,CONSTRUCTION - SERVICES,"PreBid Conference: Date & Time: 9/14/2026 10:00 AM Description: A pre-bid meeting will be held on site to allow bidders to inspect, measure, and investigate restoration sites in person and to provide a project overview. ----------------------------------",91427; 91428; 91444,IFB#SCVFDR08.26 Suncoast Villas Flood Damage Restoration ad.pdf,https://www.ms.gov/dfa/contract_bid_search/Bid/Details/46610
